UserID,Rating
U001,4.666666666666667
U002,4.0
U003,4.0
U004,4.666666666666667
U005,3.0
U006,4.333333333333333
U007,3.3333333333333335
U008,4.0
